project_id,repo_name,path_with_namespace,last_activity_at,is_active,activity_status,is_active_by_last_activity,has_mr_activity,mr_count_in_window,merged_mrs,open_mrs,closed_without_merge_mrs,web_url
982,gs-cardpointe-umbrella-helm-poc,ProdDev/cardpointe/gs-cardpointe-umbrella-helm-poc,2026-04-14T20:35:42.356Z,true,active_recent_activity_and_mrs,true,true,138,137,1,0,https://gitlab.ftscc.net/ProdDev/cardpointe/gs-cardpointe-umbrella-helm-poc
632,cardpointe-ui,ProdDev/cardpointe/cardpointe-ui/cardpointe-ui,2026-06-05T21:13:06.864Z,true,active_recent_activity_and_mrs,true,true,75,60,4,11,https://gitlab.ftscc.net/ProdDev/cardpointe/cardpointe-ui/cardpointe-ui
942,digital-app-ui,ProdDev/copilot/cipilot-ui/digital-app-ui,2026-06-05T14:26:26.750Z,true,active_recent_activity_and_mrs,true,true,68,67,0,1,https://gitlab.ftscc.net/ProdDev/copilot/cipilot-ui/digital-app-ui
1052,GWGF,ProdDev/gateway/gateway-qa/GWGF,2026-06-07T00:00:22.591Z,true,active_recent_activity_and_mrs,true,true,66,61,0,5,https://gitlab.ftscc.net/ProdDev/gateway/gateway-qa/GWGF
373,argocd-applicationsets,ProdDev/k8s/argocd-applicationsets,2026-06-04T17:23:13.682Z,true,active_recent_activity_and_mrs,true,true,57,56,1,0,https://gitlab.ftscc.net/ProdDev/k8s/argocd-applicationsets
328,mvn_build,ProdDev/cicd-components/mvn_build,2026-05-08T00:00:21.022Z,true,active_recent_activity_and_mrs,true,true,26,26,0,0,https://gitlab.ftscc.net/ProdDev/cicd-components/mvn_build
439,micros.management.ui,ProdDev/pineapple/micros/micros.management.ui,2026-06-05T05:40:43.848Z,true,active_recent_activity_and_mrs,true,true,23,21,0,2,https://gitlab.ftscc.net/ProdDev/pineapple/micros/micros.management.ui
630,Api Create Merchant Attachment,ProdDev/copilot/copilot-backend/api-create-merchant-attachment,2026-06-04T14:31:41.367Z,true,active_recent_activity_and_mrs,true,true,19,15,0,4,https://gitlab.ftscc.net/ProdDev/copilot/copilot-backend/api-create-merchant-attachment
370,micros.management,ProdDev/pineapple/micros/micros.management,2026-06-05T18:48:22.416Z,true,active_recent_activity_and_mrs,true,true,16,16,0,0,https://gitlab.ftscc.net/ProdDev/pineapple/micros/micros.management
871,mvn_deploy,ProdDev/cicd-components/mvn_deploy,2026-05-21T00:53:38.784Z,true,active_recent_activity_and_mrs,true,true,16,16,0,0,https://gitlab.ftscc.net/ProdDev/cicd-components/mvn_deploy
987,gs-poc-umbrella-payment-service,ProdDev/cardpointe/cardpointe-backend/gs-poc-umbrella-payment-service,2026-04-14T19:51:44.787Z,true,active_recent_activity_and_mrs,true,true,15,15,0,0,https://gitlab.ftscc.net/ProdDev/cardpointe/cardpointe-backend/gs-poc-umbrella-payment-service
981,cardpointe-helm-umbrella-poc,ProdDev/cardpointe/cardpointe-helm-umbrella-poc,2026-03-11T14:37:13.689Z,true,active_recent_activity_and_mrs,true,true,15,14,0,1,https://gitlab.ftscc.net/ProdDev/cardpointe/cardpointe-helm-umbrella-poc
551,search-stored-customer-event-service,ProdDev/cardpointe/cardpointe-backend/search-stored-customer-event-service,2026-05-09T01:09:25.229Z,true,active_recent_activity_and_mrs,true,true,14,14,0,0,https://gitlab.ftscc.net/ProdDev/cardpointe/cardpointe-backend/search-stored-customer-event-service
1022,account-profile-attached-event-service-config,ProdDev/cardpointe/cardpointe-backend-config/account-profile-attached-event-service-config,2026-04-17T18:27:27.061Z,true,active_recent_activity_and_mrs,true,true,14,14,0,0,https://gitlab.ftscc.net/ProdDev/cardpointe/cardpointe-backend-config/account-profile-attached-event-service-config
1009,funding-deposit-events-service,ProdDev/cardpointe/cardpointe-backend/funding-deposit-events-service,2026-05-27T18:39:41.501Z,true,active_recent_activity_and_mrs,true,true,13,13,0,0,https://gitlab.ftscc.net/ProdDev/cardpointe/cardpointe-backend/funding-deposit-events-service
506,virtual-terminal-auth-capture-transaction-service,ProdDev/cardpointe/cardpointe-backend/virtual-terminal-auth-capture-transaction-service,2026-05-21T19:15:26.054Z,true,active_recent_activity_and_mrs,true,true,13,13,0,0,https://gitlab.ftscc.net/ProdDev/cardpointe/cardpointe-backend/virtual-terminal-auth-capture-transaction-service
761,funded-transaction-service-publisher-tsys,ProdDev/apps/mic/funded-transaction-service-publisher-tsys,2026-06-02T14:58:35.103Z,true,active_recent_activity_and_mrs,true,true,11,11,0,0,https://gitlab.ftscc.net/ProdDev/apps/mic/funded-transaction-service-publisher-tsys
1000,account-profile-attached-event-service,ProdDev/cardpointe/cardpointe-backend/account-profile-attached-event-service,2026-04-17T18:24:24.001Z,true,active_recent_activity_and_mrs,true,true,11,11,0,0,https://gitlab.ftscc.net/ProdDev/cardpointe/cardpointe-backend/account-profile-attached-event-service
545,virtual-terminal-verify-transaction-service,ProdDev/cardpointe/cardpointe-backend/virtual-terminal-verify-transaction-service,2026-05-27T20:51:37.946Z,true,active_recent_activity_and_mrs,true,true,10,10,0,0,https://gitlab.ftscc.net/ProdDev/cardpointe/cardpointe-backend/virtual-terminal-verify-transaction-service
543,virtual-terminal-force-credit-transaction-service,ProdDev/cardpointe/cardpointe-backend/virtual-terminal-force-credit-transaction-service,2026-05-27T20:46:17.824Z,true,active_recent_activity_and_mrs,true,true,10,10,0,0,https://gitlab.ftscc.net/ProdDev/cardpointe/cardpointe-backend/virtual-terminal-force-credit-transaction-service
631,Api Get Merchant Attachment,ProdDev/copilot/copilot-backend/api-get-merchant-attachment,2026-06-04T14:07:53.696Z,true,active_recent_activity_and_mrs,true,true,9,8,0,1,https://gitlab.ftscc.net/ProdDev/copilot/copilot-backend/api-get-merchant-attachment
595,virtual-terminal-profile-search-api-service,ProdDev/cardpointe/cardpointe-backend/virtual-terminal-profile-search-api-service,2026-06-03T17:05:34.237Z,true,active_recent_activity_and_mrs,true,true,9,9,0,0,https://gitlab.ftscc.net/ProdDev/cardpointe/cardpointe-backend/virtual-terminal-profile-search-api-service
371,micros.opi,ProdDev/pineapple/micros/micros.opi,2026-06-02T17:23:24.187Z,true,active_recent_activity_and_mrs,true,true,9,9,0,0,https://gitlab.ftscc.net/ProdDev/pineapple/micros/micros.opi
1006,webhook-management-service,ProdDev/apps/mic/webhook-management-service,2026-06-01T20:25:38.242Z,true,active_recent_activity_and_mrs,true,true,9,9,0,0,https://gitlab.ftscc.net/ProdDev/apps/mic/webhook-management-service
525,virtual-terminal-auth-only-transaction-service,ProdDev/cardpointe/cardpointe-backend/virtual-terminal-auth-only-transaction-service,2026-05-27T20:49:09.904Z,true,active_recent_activity_and_mrs,true,true,9,9,0,0,https://gitlab.ftscc.net/ProdDev/cardpointe/cardpointe-backend/virtual-terminal-auth-only-transaction-service
1044,voice of merchant,ProdDev/poc/voice-of-merchant,2026-05-07T14:11:21.212Z,true,active_recent_activity_and_mrs,true,true,9,9,0,0,https://gitlab.ftscc.net/ProdDev/poc/voice-of-merchant
588,cp2-starter,ProdDev/cardpointe/cardpointe-backend/cp2-starter,2026-06-05T18:35:30.034Z,true,active_recent_activity_and_mrs,true,true,8,7,1,0,https://gitlab.ftscc.net/ProdDev/cardpointe/cardpointe-backend/cp2-starter
979,ticket-activity-history-service,ProdDev/cardpointe/cardpointe-backend/ticket-activity-history-service,2026-06-04T16:29:21.418Z,true,active_recent_activity_and_mrs,true,true,8,5,1,2,https://gitlab.ftscc.net/ProdDev/cardpointe/cardpointe-backend/ticket-activity-history-service
969,funded-batch-search-service,ProdDev/cardpointe/cardpointe-backend/funded-batch-search-service,2026-03-30T18:25:39.223Z,true,active_recent_activity_and_mrs,true,true,8,8,0,0,https://gitlab.ftscc.net/ProdDev/cardpointe/cardpointe-backend/funded-batch-search-service
476,micros.automation,ProdDev/pineapple/micros/micros.automation,2026-06-05T09:14:07.317Z,true,active_recent_activity_and_mrs,true,true,7,7,0,0,https://gitlab.ftscc.net/ProdDev/pineapple/micros/micros.automation
633,Api Delete Merchant Attachment,ProdDev/copilot/copilot-backend/api-delete-merchant-attachment,2026-06-04T14:24:58.454Z,true,active_recent_activity_and_mrs,true,true,7,7,0,0,https://gitlab.ftscc.net/ProdDev/copilot/copilot-backend/api-delete-merchant-attachment
857,Api Update Saved View,ProdDev/copilot/copilot-backend/api-update-saved-view,2026-06-04T14:21:30.381Z,true,active_recent_activity_and_mrs,true,true,7,6,0,1,https://gitlab.ftscc.net/ProdDev/copilot/copilot-backend/api-update-saved-view
583,customer-profile-create-service,ProdDev/cardpointe/cardpointe-backend/customer-profile-create-service,2026-05-27T19:35:51.629Z,true,active_recent_activity_and_mrs,true,true,7,7,0,0,https://gitlab.ftscc.net/ProdDev/cardpointe/cardpointe-backend/customer-profile-create-service
995,profile-details-api-service,ProdDev/cardpointe/cardpointe-backend/profile-details-api-service,2026-05-12T21:14:51.129Z,true,active_recent_activity_and_mrs,true,true,7,7,0,0,https://gitlab.ftscc.net/ProdDev/cardpointe/cardpointe-backend/profile-details-api-service
1030,merchant-registration-check-api-service,ProdDev/cardpointe/cardpointe-backend/merchant-registration-check-api-service,2026-04-29T14:19:30.363Z,true,active_recent_activity_and_mrs,true,true,7,7,0,0,https://gitlab.ftscc.net/ProdDev/cardpointe/cardpointe-backend/merchant-registration-check-api-service
660,customer-transaction-summaries-event-service,ProdDev/cardpointe/cardpointe-backend/customer-transaction-summaries-event-service,2026-04-14T18:26:53.006Z,true,active_recent_activity_and_mrs,true,true,7,7,0,0,https://gitlab.ftscc.net/ProdDev/cardpointe/cardpointe-backend/customer-transaction-summaries-event-service
931,ticket-create-api-service,ProdDev/cardpointe/cardpointe-backend/ticket-create-api-service,2026-06-03T19:29:13.457Z,true,active_recent_activity_and_mrs,true,true,6,5,1,0,https://gitlab.ftscc.net/ProdDev/cardpointe/cardpointe-backend/ticket-create-api-service
496,gateway-batch-close-api-service,ProdDev/cardpointe/cardpointe-backend/gateway-batch-close-api-service,2026-04-24T14:10:16.438Z,true,active_recent_activity_and_mrs,true,true,6,5,0,1,https://gitlab.ftscc.net/ProdDev/cardpointe/cardpointe-backend/gateway-batch-close-api-service
575,security-common,ProdDev/apps/mad-libs/security-common,2026-04-15T14:29:07.599Z,true,active_recent_activity_and_mrs,true,true,6,5,0,1,https://gitlab.ftscc.net/ProdDev/apps/mad-libs/security-common
1078,card-update-decline-search-service,ProdDev/cardpointe/cardpointe-backend/card-update-decline-search-service,2026-06-05T12:58:59.377Z,true,active_recent_activity_and_mrs,true,true,5,2,2,1,https://gitlab.ftscc.net/ProdDev/cardpointe/cardpointe-backend/card-update-decline-search-service
751,Api Save Merchant Account Business Details,ProdDev/copilot/copilot-backend/api-save-merchant-account-business-details,2026-06-04T14:16:04.336Z,true,active_recent_activity_and_mrs,true,true,5,5,0,0,https://gitlab.ftscc.net/ProdDev/copilot/copilot-backend/api-save-merchant-account-business-details
672,Api Get User Header Info,ProdDev/copilot/copilot-backend/api-get-user-header-info,2026-06-04T14:12:49.556Z,true,active_recent_activity_and_mrs,true,true,5,5,0,0,https://gitlab.ftscc.net/ProdDev/copilot/copilot-backend/api-get-user-header-info
550,Api Get Merchant Application,ProdDev/copilot/copilot-backend/api-get-merchant-application,2026-06-04T14:06:49.142Z,true,active_recent_activity_and_mrs,true,true,5,5,0,0,https://gitlab.ftscc.net/ProdDev/copilot/copilot-backend/api-get-merchant-application
723,Api Get Merchant Account Summary,ProdDev/copilot/copilot-backend/api-get-merchant-account-summary,2026-06-04T14:05:50.699Z,true,active_recent_activity_and_mrs,true,true,5,5,0,0,https://gitlab.ftscc.net/ProdDev/copilot/copilot-backend/api-get-merchant-account-summary
1093,device-list-api-service-config,ProdDev/cardpointe/cardpointe-backend-config/device-list-api-service-config,2026-05-28T19:32:52.951Z,true,active_recent_activity_and_mrs,true,true,5,5,0,0,https://gitlab.ftscc.net/ProdDev/cardpointe/cardpointe-backend-config/device-list-api-service-config
1063,ticket-attachment-list-service-config,ProdDev/cardpointe/cardpointe-backend-config/ticket-attachment-list-service-config,2026-05-27T20:21:26.533Z,true,active_recent_activity_and_mrs,true,true,5,5,0,0,https://gitlab.ftscc.net/ProdDev/cardpointe/cardpointe-backend-config/ticket-attachment-list-service-config
951,ticket-summary-event-service-config,ProdDev/cardpointe/cardpointe-backend-config/ticket-summary-event-service-config,2026-05-27T20:11:17.893Z,true,active_recent_activity_and_mrs,true,true,5,5,0,0,https://gitlab.ftscc.net/ProdDev/cardpointe/cardpointe-backend-config/ticket-summary-event-service-config
1059,ticket-details-api-service,ProdDev/cardpointe/cardpointe-backend/ticket-details-api-service,2026-05-19T18:33:03.622Z,true,active_recent_activity_and_mrs,true,true,5,5,0,0,https://gitlab.ftscc.net/ProdDev/cardpointe/cardpointe-backend/ticket-details-api-service
947,ticket-summary-event-service,ProdDev/cardpointe/cardpointe-backend/ticket-summary-event-service,2026-05-13T04:51:08.262Z,true,active_recent_activity_and_mrs,true,true,5,4,0,1,https://gitlab.ftscc.net/ProdDev/cardpointe/cardpointe-backend/ticket-summary-event-service
1029,funded-batch-preview-api-service,ProdDev/cardpointe/cardpointe-backend/funded-batch-preview-api-service,2026-05-04T20:28:39.079Z,true,active_recent_activity_and_mrs,true,true,5,4,1,0,https://gitlab.ftscc.net/ProdDev/cardpointe/cardpointe-backend/funded-batch-preview-api-service
968,customer-init-service,ProdDev/cardpointe/cardpointe-backend/customer-init-service,2026-04-21T14:28:36.737Z,true,active_recent_activity_and_mrs,true,true,5,5,0,0,https://gitlab.ftscc.net/ProdDev/cardpointe/cardpointe-backend/customer-init-service
1008,user-registration-service,ProdDev/cardpointe/cardpointe-backend/user-registration-service,2026-04-15T16:43:53.572Z,true,active_recent_activity_and_mrs,true,true,5,3,1,1,https://gitlab.ftscc.net/ProdDev/cardpointe/cardpointe-backend/user-registration-service
839,Api Export Merchant Account Table,ProdDev/copilot/copilot-backend/api-export-merchant-account-table,2026-06-04T14:23:23.674Z,true,active_recent_activity_and_mrs,true,true,4,4,0,0,https://gitlab.ftscc.net/ProdDev/copilot/copilot-backend/api-export-merchant-account-table
836,Api Get Copilot Form Fields,ProdDev/copilot/copilot-backend/api-get-copilot-form-fields,2026-06-04T14:22:40.617Z,true,active_recent_activity_and_mrs,true,true,4,4,0,0,https://gitlab.ftscc.net/ProdDev/copilot/copilot-backend/api-get-copilot-form-fields
886,Api Get Merchant Account Preview,ProdDev/copilot/copilot-backend/api-get-merchant-account-preview,2026-06-04T14:22:13.936Z,true,active_recent_activity_and_mrs,true,true,4,4,0,0,https://gitlab.ftscc.net/ProdDev/copilot/copilot-backend/api-get-merchant-account-preview
673,Api Toggle User Availability,ProdDev/copilot/copilot-backend/api-toggle-user-availability,2026-06-04T14:19:20.633Z,true,active_recent_activity_and_mrs,true,true,4,4,0,0,https://gitlab.ftscc.net/ProdDev/copilot/copilot-backend/api-toggle-user-availability
837,Api Search Merchant Account Table,ProdDev/copilot/copilot-backend/api-search-merchant-account-table,2026-06-04T14:16:39.394Z,true,active_recent_activity_and_mrs,true,true,4,4,0,0,https://gitlab.ftscc.net/ProdDev/copilot/copilot-backend/api-search-merchant-account-table
511,Api Save Merchant Application,ProdDev/copilot/copilot-backend/api-save-merchant-application,2026-06-04T14:16:19.565Z,true,active_recent_activity_and_mrs,true,true,4,4,0,0,https://gitlab.ftscc.net/ProdDev/copilot/copilot-backend/api-save-merchant-application
686,Api Mark Notifications Read,ProdDev/copilot/copilot-backend/api-mark-notifications-read,2026-06-04T14:14:15.556Z,true,active_recent_activity_and_mrs,true,true,4,4,0,0,https://gitlab.ftscc.net/ProdDev/copilot/copilot-backend/api-mark-notifications-read
798,Api Get Terms And Conditions,ProdDev/copilot/copilot-backend/api-get-terms-and-conditions,2026-06-04T14:10:42.793Z,true,active_recent_activity_and_mrs,true,true,4,4,0,0,https://gitlab.ftscc.net/ProdDev/copilot/copilot-backend/api-get-terms-and-conditions
856,Api Get Saved Views,ProdDev/copilot/copilot-backend/api-get-saved-views,2026-06-04T14:09:58.702Z,true,active_recent_activity_and_mrs,true,true,4,4,0,0,https://gitlab.ftscc.net/ProdDev/copilot/copilot-backend/api-get-saved-views
681,Api Get User Notifications,ProdDev/copilot/copilot-backend/api-get-user-notifications,2026-06-04T14:09:33.254Z,true,active_recent_activity_and_mrs,true,true,4,4,0,0,https://gitlab.ftscc.net/ProdDev/copilot/copilot-backend/api-get-user-notifications
869,Api Delete Saved View,ProdDev/copilot/copilot-backend/api-delete-saved-view,2026-06-04T14:04:21.536Z,true,active_recent_activity_and_mrs,true,true,4,4,0,0,https://gitlab.ftscc.net/ProdDev/copilot/copilot-backend/api-delete-saved-view
854,Api Create Saved View,ProdDev/copilot/copilot-backend/api-create-saved-view,2026-06-04T14:04:18.034Z,true,active_recent_activity_and_mrs,true,true,4,4,0,0,https://gitlab.ftscc.net/ProdDev/copilot/copilot-backend/api-create-saved-view
1038,virtual-terminal-profile-search-api-service-config,ProdDev/cardpointe/cardpointe-backend-config/virtual-terminal-profile-search-api-service-config,2026-06-03T16:47:51.939Z,true,active_recent_activity_and_mrs,true,true,4,4,0,0,https://gitlab.ftscc.net/ProdDev/cardpointe/cardpointe-backend-config/virtual-terminal-profile-search-api-service-config
504,micros.testing,ProdDev/pineapple/micros/micros.testing,2026-06-02T18:12:57.014Z,true,active_recent_activity_and_mrs,true,true,4,4,0,0,https://gitlab.ftscc.net/ProdDev/pineapple/micros/micros.testing
1049,card-update-history-search-service,ProdDev/cardpointe/cardpointe-backend/card-update-history-search-service,2026-05-27T21:11:09.924Z,true,active_recent_activity_and_mrs,true,true,4,4,0,0,https://gitlab.ftscc.net/ProdDev/cardpointe/cardpointe-backend/card-update-history-search-service
1018,virtual-terminal-force-credit-transaction-service-config,ProdDev/cardpointe/cardpointe-backend-config/virtual-terminal-force-credit-transaction-service-config,2026-05-27T20:50:12.714Z,true,active_recent_activity_and_mrs,true,true,4,4,0,0,https://gitlab.ftscc.net/ProdDev/cardpointe/cardpointe-backend-config/virtual-terminal-force-credit-transaction-service-config
1015,search-stored-customer-event-service-config,ProdDev/cardpointe/cardpointe-backend-config/search-stored-customer-event-service-config,2026-05-27T20:05:18.734Z,true,active_recent_activity_and_mrs,true,true,4,4,0,0,https://gitlab.ftscc.net/ProdDev/cardpointe/cardpointe-backend-config/search-stored-customer-event-service-config
975,funded-batch-transaction-search-service,ProdDev/cardpointe/cardpointe-backend/funded-batch-transaction-search-service,2026-05-14T13:09:09.932Z,true,active_recent_activity_and_mrs,true,true,4,4,0,0,https://gitlab.ftscc.net/ProdDev/cardpointe/cardpointe-backend/funded-batch-transaction-search-service
460,ticket-search-api-service,ProdDev/cardpointe/cardpointe-backend/ticket-search-api-service,2026-05-05T16:59:12.902Z,true,active_recent_activity_and_mrs,true,true,4,4,0,0,https://gitlab.ftscc.net/ProdDev/cardpointe/cardpointe-backend/ticket-search-api-service
985,gs-poc-umbrella-email-service-config,ProdDev/cardpointe/cardpointe-backend-config/gs-poc-umbrella-email-service-config,2026-03-11T15:30:33.113Z,true,active_recent_activity_and_mrs,true,true,4,4,0,0,https://gitlab.ftscc.net/ProdDev/cardpointe/cardpointe-backend-config/gs-poc-umbrella-email-service-config
984,gs-poc-umbrella-email-service,ProdDev/cardpointe/cardpointe-backend/gs-poc-umbrella-email-service,2026-03-11T15:16:46.072Z,true,active_recent_activity_and_mrs,true,true,4,4,0,0,https://gitlab.ftscc.net/ProdDev/cardpointe/cardpointe-backend/gs-poc-umbrella-email-service
1070,customer-profile-delete-api-service,ProdDev/cardpointe/cardpointe-backend/customer-profile-delete-api-service,2026-06-04T17:20:09.966Z,true,active_recent_activity_and_mrs,true,true,3,3,0,0,https://gitlab.ftscc.net/ProdDev/cardpointe/cardpointe-backend/customer-profile-delete-api-service
752,Api Save Merchant Account Banking And Processing,ProdDev/copilot/copilot-backend/api-save-merchant-account-banking-and-processing,2026-06-04T14:15:48.313Z,true,active_recent_activity_and_mrs,true,true,3,3,0,0,https://gitlab.ftscc.net/ProdDev/copilot/copilot-backend/api-save-merchant-account-banking-and-processing
919,Api Get Retrieval Reports,ProdDev/copilot/copilot-backend/api-get-retrieval-reports,2026-06-04T14:09:54.391Z,true,active_recent_activity_and_mrs,true,true,3,3,0,0,https://gitlab.ftscc.net/ProdDev/copilot/copilot-backend/api-get-retrieval-reports
930,Api Get Retrieval Detail,ProdDev/copilot/copilot-backend/api-get-retrieval-detail,2026-06-04T14:09:48.709Z,true,active_recent_activity_and_mrs,true,true,3,3,0,0,https://gitlab.ftscc.net/ProdDev/copilot/copilot-backend/api-get-retrieval-detail
924,Api Get Merchant Chargebacks Report,ProdDev/copilot/copilot-backend/api-get-merchant-chargebacks-report,2026-06-04T14:09:21.801Z,true,active_recent_activity_and_mrs,true,true,3,3,0,0,https://gitlab.ftscc.net/ProdDev/copilot/copilot-backend/api-get-merchant-chargebacks-report
929,Api Get Merchant Chargeback Detail,ProdDev/copilot/copilot-backend/api-get-merchant-chargeback-detail,2026-06-04T14:09:14.512Z,true,active_recent_activity_and_mrs,true,true,3,3,0,0,https://gitlab.ftscc.net/ProdDev/copilot/copilot-backend/api-get-merchant-chargeback-detail
728,Api Get Merchant Account Business Details,ProdDev/copilot/copilot-backend/api-get-merchant-account-business-details,2026-06-04T14:04:25.298Z,true,active_recent_activity_and_mrs,true,true,3,3,0,0,https://gitlab.ftscc.net/ProdDev/copilot/copilot-backend/api-get-merchant-account-business-details
745,Api Get Merchant Account Banking And Processing,ProdDev/copilot/copilot-backend/api-get-merchant-account-banking-and-processing,2026-06-04T14:04:22.872Z,true,active_recent_activity_and_mrs,true,true,3,3,0,0,https://gitlab.ftscc.net/ProdDev/copilot/copilot-backend/api-get-merchant-account-banking-and-processing
620,Api Create Merchant Application,ProdDev/copilot/copilot-backend/api-create-merchant-application,2026-06-04T14:04:05.966Z,true,active_recent_activity_and_mrs,true,true,3,3,0,0,https://gitlab.ftscc.net/ProdDev/copilot/copilot-backend/api-create-merchant-application
1045,cc-keycloak-themes,ProdDev/iam/keycloak/cc-keycloak-themes,2026-06-03T19:40:39.919Z,true,active_recent_activity_and_mrs,true,true,3,3,0,0,https://gitlab.ftscc.net/ProdDev/iam/keycloak/cc-keycloak-themes
1084,device-list-api-service,ProdDev/cardpointe/cardpointe-backend/device-list-api-service,2026-05-28T18:21:10.434Z,true,active_recent_activity_and_mrs,true,true,3,3,0,0,https://gitlab.ftscc.net/ProdDev/cardpointe/cardpointe-backend/device-list-api-service
1021,virtual-terminal-verify-transaction-service-config,ProdDev/cardpointe/cardpointe-backend-config/virtual-terminal-verify-transaction-service-config,2026-05-27T20:54:57.624Z,true,active_recent_activity_and_mrs,true,true,3,3,0,0,https://gitlab.ftscc.net/ProdDev/cardpointe/cardpointe-backend-config/virtual-terminal-verify-transaction-service-config
1040,ticket-activity-history-service-config,ProdDev/cardpointe/cardpointe-backend-config/ticket-activity-history-service-config,2026-05-27T20:06:12.707Z,true,active_recent_activity_and_mrs,true,true,3,3,0,0,https://gitlab.ftscc.net/ProdDev/cardpointe/cardpointe-backend-config/ticket-activity-history-service-config
1037,merchant-registration-check-api-service-config,ProdDev/cardpointe/cardpointe-backend-config/merchant-registration-check-api-service-config,2026-05-27T19:59:34.626Z,true,active_recent_activity_and_mrs,true,true,3,3,0,0,https://gitlab.ftscc.net/ProdDev/cardpointe/cardpointe-backend-config/merchant-registration-check-api-service-config
626,customer-profile-create-api-service,ProdDev/cardpointe/cardpointe-backend/customer-profile-create-api-service,2026-05-27T15:53:32.630Z,true,active_recent_activity_and_mrs,true,true,3,3,0,0,https://gitlab.ftscc.net/ProdDev/cardpointe/cardpointe-backend/customer-profile-create-api-service
1062,ticket-details-api-service-config,ProdDev/cardpointe/cardpointe-backend-config/ticket-details-api-service-config,2026-05-19T19:08:20.936Z,true,active_recent_activity_and_mrs,true,true,3,2,1,0,https://gitlab.ftscc.net/ProdDev/cardpointe/cardpointe-backend-config/ticket-details-api-service-config
649,profile-summary-event-service,ProdDev/cardpointe/cardpointe-backend/profile-summary-event-service,2026-05-14T13:49:47.156Z,true,active_recent_activity_and_mrs,true,true,3,3,0,0,https://gitlab.ftscc.net/ProdDev/cardpointe/cardpointe-backend/profile-summary-event-service
486,transaction-summary-preview-api-service,ProdDev/cardpointe/cardpointe-backend/transaction-summary-preview-api-service,2026-05-12T18:17:45.513Z,true,active_recent_activity_and_mrs,true,true,3,3,0,0,https://gitlab.ftscc.net/ProdDev/cardpointe/cardpointe-backend/transaction-summary-preview-api-service
331,scripts,ProdDev/cicd-components/scripts,2026-04-30T16:32:59.022Z,true,active_recent_activity_and_mrs,true,true,3,3,0,0,https://gitlab.ftscc.net/ProdDev/cicd-components/scripts
1026,user-registration-service-config,ProdDev/cardpointe/cardpointe-backend-config/user-registration-service-config,2026-04-15T16:53:49.495Z,true,active_recent_activity_and_mrs,true,true,3,3,0,0,https://gitlab.ftscc.net/ProdDev/cardpointe/cardpointe-backend-config/user-registration-service-config
1024,customer-transaction-summaries-event-service-config,ProdDev/cardpointe/cardpointe-backend-config/customer-transaction-summaries-event-service-config,2026-04-14T18:25:03.528Z,true,active_recent_activity_and_mrs,true,true,3,3,0,0,https://gitlab.ftscc.net/ProdDev/cardpointe/cardpointe-backend-config/customer-transaction-summaries-event-service-config
659,customer-profile-billing-plan-service,ProdDev/cardpointe/cardpointe-backend/customer-profile-billing-plan-service,2026-04-14T16:27:39.794Z,true,active_recent_activity_and_mrs,true,true,3,3,0,0,https://gitlab.ftscc.net/ProdDev/cardpointe/cardpointe-backend/customer-profile-billing-plan-service
971,funding-deposit-preview-api-service,ProdDev/cardpointe/cardpointe-backend/funding-deposit-preview-api-service,2026-03-19T13:41:57.361Z,true,active_recent_activity_and_mrs,true,true,3,3,0,0,https://gitlab.ftscc.net/ProdDev/cardpointe/cardpointe-backend/funding-deposit-preview-api-service
475,gateway-batch-close-service,ProdDev/cardpointe/cardpointe-backend/gateway-batch-close-service,2026-03-18T17:49:37.133Z,true,active_recent_activity_and_mrs,true,true,3,3,0,0,https://gitlab.ftscc.net/ProdDev/cardpointe/cardpointe-backend/gateway-batch-close-service
549,transaction-details-api-service,ProdDev/cardpointe/cardpointe-backend/transaction-details-api-service,2026-03-18T17:41:31.602Z,true,active_recent_activity_and_mrs,true,true,3,3,0,0,https://gitlab.ftscc.net/ProdDev/cardpointe/cardpointe-backend/transaction-details-api-service
1101,Gatecrasher,ProdDev/gateway/gateway-qa/gatecrasher,2026-06-05T13:18:40.012Z,true,active_recent_activity_and_mrs,true,true,2,2,0,0,https://gitlab.ftscc.net/ProdDev/gateway/gateway-qa/gatecrasher
1099,customer-profile-delete-api-service-config,ProdDev/cardpointe/cardpointe-backend-config/customer-profile-delete-api-service-config,2026-06-05T13:18:28.215Z,true,active_recent_activity_and_mrs,true,true,2,2,0,0,https://gitlab.ftscc.net/ProdDev/cardpointe/cardpointe-backend-config/customer-profile-delete-api-service-config
842,OIDC Client Provisioning Service,ProdDev/iam/microservices/oidc-client-provisioning-service,2026-06-04T18:41:56.246Z,true,active_recent_activity_and_mrs,true,true,2,2,0,0,https://gitlab.ftscc.net/ProdDev/iam/microservices/oidc-client-provisioning-service
885,api-update-saved-view-config,ProdDev/copilot/copilot-backend-config/api-update-saved-view-config,2026-06-04T14:23:26.593Z,true,active_recent_activity_and_mrs,true,true,2,2,0,0,https://gitlab.ftscc.net/ProdDev/copilot/copilot-backend-config/api-update-saved-view-config
763,api-save-merchant-account-business-details-config,ProdDev/copilot/copilot-backend-config/api-save-merchant-account-business-details-config,2026-06-04T14:18:24.340Z,true,active_recent_activity_and_mrs,true,true,2,2,0,0,https://gitlab.ftscc.net/ProdDev/copilot/copilot-backend-config/api-save-merchant-account-business-details-config
927,api-get-retrieval-reports-config,ProdDev/copilot/copilot-backend-config/api-get-retrieval-reports-config,2026-06-04T14:12:54.072Z,true,active_recent_activity_and_mrs,true,true,2,1,0,1,https://gitlab.ftscc.net/ProdDev/copilot/copilot-backend-config/api-get-retrieval-reports-config
944,Api Get Merchant Overview,ProdDev/copilot/copilot-backend/api-get-merchant-overview,2026-06-04T14:09:41.506Z,true,active_recent_activity_and_mrs,true,true,2,2,0,0,https://gitlab.ftscc.net/ProdDev/copilot/copilot-backend/api-get-merchant-overview
744,api-get-merchant-account-summary-config,ProdDev/copilot/copilot-backend-config/api-get-merchant-account-summary-config,2026-06-04T14:08:39.637Z,true,active_recent_activity_and_mrs,true,true,2,2,0,0,https://gitlab.ftscc.net/ProdDev/copilot/copilot-backend-config/api-get-merchant-account-summary-config
726,Api Get Merchant Account Sub Header Info,ProdDev/copilot/copilot-backend/api-get-merchant-account-sub-header-info,2026-06-04T14:04:40.168Z,true,active_recent_activity_and_mrs,true,true,2,2,0,0,https://gitlab.ftscc.net/ProdDev/copilot/copilot-backend/api-get-merchant-account-sub-header-info
946,Api CI Templates,ProdDev/copilot/copilot-backend/templates/api-ci-templates,2026-06-02T13:38:05.629Z,true,active_recent_activity_and_mrs,true,true,2,2,0,0,https://gitlab.ftscc.net/ProdDev/copilot/copilot-backend/templates/api-ci-templates
1058,MTS Report Orchestrator,ProdDev/apps/mic/mts-report-orchestrator,2026-06-01T15:14:48.090Z,true,active_recent_activity_and_mrs,true,true,2,2,0,0,https://gitlab.ftscc.net/ProdDev/apps/mic/mts-report-orchestrator
1020,virtual-terminal-auth-only-transaction-service-config,ProdDev/cardpointe/cardpointe-backend-config/virtual-terminal-auth-only-transaction-service-config,2026-05-27T20:52:56.140Z,true,active_recent_activity_and_mrs,true,true,2,2,0,0,https://gitlab.ftscc.net/ProdDev/cardpointe/cardpointe-backend-config/virtual-terminal-auth-only-transaction-service-config
980,customer-init-service-config,ProdDev/cardpointe/cardpointe-backend-config/customer-init-service-config,2026-05-27T20:17:45.580Z,true,active_recent_activity_and_mrs,true,true,2,2,0,0,https://gitlab.ftscc.net/ProdDev/cardpointe/cardpointe-backend-config/customer-init-service-config
1035,ticket-search-api-service-config,ProdDev/cardpointe/cardpointe-backend-config/ticket-search-api-service-config,2026-05-27T20:10:37.476Z,true,active_recent_activity_and_mrs,true,true,2,2,0,0,https://gitlab.ftscc.net/ProdDev/cardpointe/cardpointe-backend-config/ticket-search-api-service-config
1073,ticket-reason-list-service-config,ProdDev/cardpointe/cardpointe-backend-config/ticket-reason-list-service-config,2026-05-27T20:10:03.875Z,true,active_recent_activity_and_mrs,true,true,2,2,0,0,https://gitlab.ftscc.net/ProdDev/cardpointe/cardpointe-backend-config/ticket-reason-list-service-config
1060,ticket-comment-list-api-service-config,ProdDev/cardpointe/cardpointe-backend-config/ticket-comment-list-api-service-config,2026-05-27T20:08:07.754Z,true,active_recent_activity_and_mrs,true,true,2,2,0,0,https://gitlab.ftscc.net/ProdDev/cardpointe/cardpointe-backend-config/ticket-comment-list-api-service-config
1089,bank-account-check-api-service-config,ProdDev/cardpointe/cardpointe-backend-config/bank-account-check-api-service-config,2026-05-27T16:04:42.068Z,true,active_recent_activity_and_mrs,true,true,2,2,0,0,https://gitlab.ftscc.net/ProdDev/cardpointe/cardpointe-backend-config/bank-account-check-api-service-config
1087,bank-account-check-api-service,ProdDev/cardpointe/cardpointe-backend/bank-account-check-api-service,2026-05-27T15:59:10.310Z,true,active_recent_activity_and_mrs,true,true,2,2,0,0,https://gitlab.ftscc.net/ProdDev/cardpointe/cardpointe-backend/bank-account-check-api-service
527,funding-deposit-details-service,ProdDev/cardpointe/cardpointe-backend/funding-deposit-details-service,2026-05-19T15:36:19.938Z,true,active_recent_activity_and_mrs,true,true,2,2,0,0,https://gitlab.ftscc.net/ProdDev/cardpointe/cardpointe-backend/funding-deposit-details-service
964,ticket-reason-list-service,ProdDev/cardpointe/cardpointe-backend/ticket-reason-list-service,2026-05-15T01:37:12.232Z,true,active_recent_activity_and_mrs,true,true,2,2,0,0,https://gitlab.ftscc.net/ProdDev/cardpointe/cardpointe-backend/ticket-reason-list-service
1071,profile-summary-event-service-config,ProdDev/cardpointe/cardpointe-backend-config/profile-summary-event-service-config,2026-05-14T14:58:46.514Z,true,active_recent_activity_and_mrs,true,true,2,2,0,0,https://gitlab.ftscc.net/ProdDev/cardpointe/cardpointe-backend-config/profile-summary-event-service-config
1031,profile-details-api-service-config,ProdDev/cardpointe/cardpointe-backend-config/profile-details-api-service-config,2026-05-12T21:16:22.798Z,true,active_recent_activity_and_mrs,true,true,2,2,0,0,https://gitlab.ftscc.net/ProdDev/cardpointe/cardpointe-backend-config/profile-details-api-service-config
970,ticket-comment-list-api-service,ProdDev/cardpointe/cardpointe-backend/ticket-comment-list-api-service,2026-05-12T20:54:25.311Z,true,active_recent_activity_and_mrs,true,true,2,2,0,0,https://gitlab.ftscc.net/ProdDev/cardpointe/cardpointe-backend/ticket-comment-list-api-service
441,retrieval-search-api-service,ProdDev/cardpointe/cardpointe-backend/retrieval-search-api-service,2026-05-04T14:34:09.331Z,true,active_recent_activity_and_mrs,true,true,2,2,0,0,https://gitlab.ftscc.net/ProdDev/cardpointe/cardpointe-backend/retrieval-search-api-service
999,gateway-batch-close-api-service-config,ProdDev/cardpointe/cardpointe-backend-config/gateway-batch-close-api-service-config,2026-04-25T19:13:28.876Z,true,active_recent_activity_and_mrs,true,true,2,2,0,0,https://gitlab.ftscc.net/ProdDev/cardpointe/cardpointe-backend-config/gateway-batch-close-api-service-config
998,gateway-batch-close-service-config,ProdDev/cardpointe/cardpointe-backend-config/gateway-batch-close-service-config,2026-04-24T18:10:34.205Z,true,active_recent_activity_and_mrs,true,true,2,2,0,0,https://gitlab.ftscc.net/ProdDev/cardpointe/cardpointe-backend-config/gateway-batch-close-service-config
340,dynamo,ProdDev/cardpointe/dynamo,2026-04-22T14:26:26.250Z,true,active_recent_activity_and_mrs,true,true,2,0,0,2,https://gitlab.ftscc.net/ProdDev/cardpointe/dynamo
777,card-updater-details-service,ProdDev/cardpointe/cardpointe-backend/card-updater-details-service,2026-04-14T03:52:26.090Z,true,active_recent_activity_and_mrs,true,true,2,2,0,0,https://gitlab.ftscc.net/ProdDev/cardpointe/cardpointe-backend/card-updater-details-service
470,gateway-batch-transaction-search-service,ProdDev/cardpointe/cardpointe-backend/gateway-batch-transaction-search-service,2026-03-27T17:48:15.774Z,true,active_recent_activity_and_mrs,true,true,2,2,0,0,https://gitlab.ftscc.net/ProdDev/cardpointe/cardpointe-backend/gateway-batch-transaction-search-service
503,cardpointe-nonreactive-api-template,ProdDev/cardpointe/cardpointe-project-templates/cardpointe-nonreactive-api-template,2026-03-17T19:22:14.201Z,true,active_recent_activity_and_mrs,true,true,2,0,0,2,https://gitlab.ftscc.net/ProdDev/cardpointe/cardpointe-project-templates/cardpointe-nonreactive-api-template
989,gs-poc-umbrella-user-service,ProdDev/cardpointe/cardpointe-backend/gs-poc-umbrella-user-service,2026-03-12T14:51:27.645Z,true,active_recent_activity_and_mrs,true,true,2,2,0,0,https://gitlab.ftscc.net/ProdDev/cardpointe/cardpointe-backend/gs-poc-umbrella-user-service
807,cardpointe-rabbitmq-config,ProdDev/cardpointe/cardpointe-backend-config/cardpointe-rabbitmq-config,2026-03-11T16:40:39.632Z,true,active_recent_activity_and_mrs,true,true,2,2,0,0,https://gitlab.ftscc.net/ProdDev/cardpointe/cardpointe-backend-config/cardpointe-rabbitmq-config
643,funded-transaction-service-publisher-chase-paymentech,ProdDev/apps/mic/funded-transaction-service-publisher-chase-paymentech,2026-06-06T00:00:21.384Z,true,active_recent_activity_and_mrs,true,true,1,1,0,0,https://gitlab.ftscc.net/ProdDev/apps/mic/funded-transaction-service-publisher-chase-paymentech
1085,cau-enrollment-check-api-service,ProdDev/cardpointe/cardpointe-backend/cau-enrollment-check-api-service,2026-06-05T13:04:31.752Z,true,active_recent_activity_and_mrs,true,true,1,0,1,0,https://gitlab.ftscc.net/ProdDev/cardpointe/cardpointe-backend/cau-enrollment-check-api-service
1094,custom-fields-list-service,ProdDev/cardpointe/cardpointe-backend/custom-fields-list-service,2026-06-04T19:32:13.719Z,true,active_recent_activity_and_mrs,true,true,1,0,1,0,https://gitlab.ftscc.net/ProdDev/cardpointe/cardpointe-backend/custom-fields-list-service
1100,business-profile-api-service,ProdDev/cardpointe/cardpointe-backend/business-profile-api-service,2026-06-04T16:15:52.324Z,true,active_recent_activity_and_mrs,true,true,1,0,1,0,https://gitlab.ftscc.net/ProdDev/cardpointe/cardpointe-backend/business-profile-api-service
845,api-get-copilot-form-fields-config,ProdDev/copilot/copilot-backend-config/api-get-copilot-form-fields-config,2026-06-04T14:30:54.355Z,true,active_recent_activity_and_mrs,true,true,1,1,0,0,https://gitlab.ftscc.net/ProdDev/copilot/copilot-backend-config/api-get-copilot-form-fields-config
689,api-delete-merchant-attachment-config,ProdDev/copilot/copilot-backend-config/api-delete-merchant-attachment-config,2026-06-04T14:30:51.649Z,true,active_recent_activity_and_mrs,true,true,1,1,0,0,https://gitlab.ftscc.net/ProdDev/copilot/copilot-backend-config/api-delete-merchant-attachment-config
913,api-get-merchant-account-preview-config,ProdDev/copilot/copilot-backend-config/api-get-merchant-account-preview-config,2026-06-04T14:29:10.065Z,true,active_recent_activity_and_mrs,true,true,1,1,0,0,https://gitlab.ftscc.net/ProdDev/copilot/copilot-backend-config/api-get-merchant-account-preview-config
872,api-export-merchant-account-table-config,ProdDev/copilot/copilot-backend-config/api-export-merchant-account-table-config,2026-06-04T14:25:41.976Z,true,active_recent_activity_and_mrs,true,true,1,1,0,0,https://gitlab.ftscc.net/ProdDev/copilot/copilot-backend-config/api-export-merchant-account-table-config
700,api-toggle-user-availability-config,ProdDev/copilot/copilot-backend-config/api-toggle-user-availability-config,2026-06-04T14:21:52.580Z,true,active_recent_activity_and_mrs,true,true,1,1,0,0,https://gitlab.ftscc.net/ProdDev/copilot/copilot-backend-config/api-toggle-user-availability-config
846,api-search-merchant-account-table-config,ProdDev/copilot/copilot-backend-config/api-search-merchant-account-table-config,2026-06-04T14:19:10.941Z,true,active_recent_activity_and_mrs,true,true,1,1,0,0,https://gitlab.ftscc.net/ProdDev/copilot/copilot-backend-config/api-search-merchant-account-table-config
735,api-mark-notifications-read-config,ProdDev/copilot/copilot-backend-config/api-mark-notifications-read-config,2026-06-04T14:16:23.840Z,true,active_recent_activity_and_mrs,true,true,1,1,0,0,https://gitlab.ftscc.net/ProdDev/copilot/copilot-backend-config/api-mark-notifications-read-config
691,api-get-user-header-info-config,ProdDev/copilot/copilot-backend-config/api-get-user-header-info-config,2026-06-04T14:14:39.966Z,true,active_recent_activity_and_mrs,true,true,1,1,0,0,https://gitlab.ftscc.net/ProdDev/copilot/copilot-backend-config/api-get-user-header-info-config
809,api-get-terms-and-conditions-config,ProdDev/copilot/copilot-backend-config/api-get-terms-and-conditions-config,2026-06-04T14:13:44.785Z,true,active_recent_activity_and_mrs,true,true,1,1,0,0,https://gitlab.ftscc.net/ProdDev/copilot/copilot-backend-config/api-get-terms-and-conditions-config
882,api-get-saved-views-config,ProdDev/copilot/copilot-backend-config/api-get-saved-views-config,2026-06-04T14:13:09.797Z,true,active_recent_activity_and_mrs,true,true,1,1,0,0,https://gitlab.ftscc.net/ProdDev/copilot/copilot-backend-config/api-get-saved-views-config
937,api-get-retrieval-detail-config,ProdDev/copilot/copilot-backend-config/api-get-retrieval-detail-config,2026-06-04T14:12:55.262Z,true,active_recent_activity_and_mrs,true,true,1,1,0,0,https://gitlab.ftscc.net/ProdDev/copilot/copilot-backend-config/api-get-retrieval-detail-config
682,api-get-user-notifications-config,ProdDev/copilot/copilot-backend-config/api-get-user-notifications-config,2026-06-04T14:12:18.576Z,true,active_recent_activity_and_mrs,true,true,1,1,0,0,https://gitlab.ftscc.net/ProdDev/copilot/copilot-backend-config/api-get-user-notifications-config
926,api-get-merchant-chargebacks-report-config,ProdDev/copilot/copilot-backend-config/api-get-merchant-chargebacks-report-config,2026-06-04T14:12:16.886Z,true,active_recent_activity_and_mrs,true,true,1,1,0,0,https://gitlab.ftscc.net/ProdDev/copilot/copilot-backend-config/api-get-merchant-chargebacks-report-config
936,api-get-merchant-chargeback-detail-config,ProdDev/copilot/copilot-backend-config/api-get-merchant-chargeback-detail-config,2026-06-04T14:12:14.820Z,true,active_recent_activity_and_mrs,true,true,1,1,0,0,https://gitlab.ftscc.net/ProdDev/copilot/copilot-backend-config/api-get-merchant-chargeback-detail-config
666,api-get-merchant-attachment-config,ProdDev/copilot/copilot-backend-config/api-get-merchant-attachment-config,2026-06-04T14:09:45.387Z,true,active_recent_activity_and_mrs,true,true,1,1,0,0,https://gitlab.ftscc.net/ProdDev/copilot/copilot-backend-config/api-get-merchant-attachment-config
603,api-get-merchant-application-config,ProdDev/copilot/copilot-backend-config/api-get-merchant-application-config,2026-06-04T14:09:23.035Z,true,active_recent_activity_and_mrs,true,true,1,1,0,0,https://gitlab.ftscc.net/ProdDev/copilot/copilot-backend-config/api-get-merchant-application-config
870,api-delete-saved-view-config,ProdDev/copilot/copilot-backend-config/api-delete-saved-view-config,2026-06-04T14:07:44.261Z,true,active_recent_activity_and_mrs,true,true,1,1,0,0,https://gitlab.ftscc.net/ProdDev/copilot/copilot-backend-config/api-delete-saved-view-config
881,api-create-saved-view-config,ProdDev/copilot/copilot-backend-config/api-create-saved-view-config,2026-06-04T14:07:34.962Z,true,active_recent_activity_and_mrs,true,true,1,1,0,0,https://gitlab.ftscc.net/ProdDev/copilot/copilot-backend-config/api-create-saved-view-config
578,api-save-merchant-application-config,ProdDev/copilot/copilot-backend-config/api-save-merchant-application-config,2026-06-03T14:01:15.385Z,true,active_recent_activity_and_mrs,true,true,1,1,0,0,https://gitlab.ftscc.net/ProdDev/copilot/copilot-backend-config/api-save-merchant-application-config
678,api-create-merchant-attachment-config,ProdDev/copilot/copilot-backend-config/api-create-merchant-attachment-config,2026-06-03T13:54:17.781Z,true,active_recent_activity_and_mrs,true,true,1,1,0,0,https://gitlab.ftscc.net/ProdDev/copilot/copilot-backend-config/api-create-merchant-attachment-config
498,Api Service Template,ProdDev/copilot/copilot-backend/templates/api-service-template,2026-06-03T13:47:24.837Z,true,active_recent_activity_and_mrs,true,true,1,1,0,0,https://gitlab.ftscc.net/ProdDev/copilot/copilot-backend/templates/api-service-template
891,Api Export Service Template,ProdDev/copilot/copilot-backend/templates/api-export-service-template,2026-06-03T13:47:02.356Z,true,active_recent_activity_and_mrs,true,true,1,1,0,0,https://gitlab.ftscc.net/ProdDev/copilot/copilot-backend/templates/api-export-service-template
880,Api Search Service Template,ProdDev/copilot/copilot-backend/templates/api-search-service-template,2026-06-03T13:46:27.010Z,true,active_recent_activity_and_mrs,true,true,1,1,0,0,https://gitlab.ftscc.net/ProdDev/copilot/copilot-backend/templates/api-search-service-template
526,ansible-role-keycloak-deploy,ProdDev/cicd/ansible-role-keycloak-deploy,2026-05-29T00:00:21.870Z,true,active_recent_activity_and_mrs,true,true,1,1,0,0,https://gitlab.ftscc.net/ProdDev/cicd/ansible-role-keycloak-deploy
662,transaction-details-api-service-config,ProdDev/cardpointe/cardpointe-backend-config/transaction-details-api-service-config,2026-05-27T21:34:44.828Z,true,active_recent_activity_and_mrs,true,true,1,1,0,0,https://gitlab.ftscc.net/ProdDev/cardpointe/cardpointe-backend-config/transaction-details-api-service-config
650,get-transaction-summary-event-service-config,ProdDev/cardpointe/cardpointe-backend-config/get-transaction-summary-event-service-config,2026-05-27T19:58:48.908Z,true,active_recent_activity_and_mrs,true,true,1,1,0,0,https://gitlab.ftscc.net/ProdDev/cardpointe/cardpointe-backend-config/get-transaction-summary-event-service-config
616,get-transaction-profile-event-service-config,ProdDev/cardpointe/cardpointe-backend-config/get-transaction-profile-event-service-config,2026-05-27T19:58:10.913Z,true,active_recent_activity_and_mrs,true,true,1,1,0,0,https://gitlab.ftscc.net/ProdDev/cardpointe/cardpointe-backend-config/get-transaction-profile-event-service-config
648,get-transaction-process-details-service-config,ProdDev/cardpointe/cardpointe-backend-config/get-transaction-process-details-service-config,2026-05-27T19:57:33.663Z,true,active_recent_activity_and_mrs,true,true,1,1,0,0,https://gitlab.ftscc.net/ProdDev/cardpointe/cardpointe-backend-config/get-transaction-process-details-service-config
653,get-transaction-event-history-config,ProdDev/cardpointe/cardpointe-backend-config/get-transaction-event-history-config,2026-05-27T19:56:53.032Z,true,active_recent_activity_and_mrs,true,true,1,1,0,0,https://gitlab.ftscc.net/ProdDev/cardpointe/cardpointe-backend-config/get-transaction-event-history-config
592,get-transaction-actions-event-service-config,ProdDev/cardpointe/cardpointe-backend-config/get-transaction-actions-event-service-config,2026-05-27T19:56:02.403Z,true,active_recent_activity_and_mrs,true,true,1,1,0,0,https://gitlab.ftscc.net/ProdDev/cardpointe/cardpointe-backend-config/get-transaction-actions-event-service-config
1002,funded-batch-search-service-config,ProdDev/cardpointe/cardpointe-backend-config/funded-batch-search-service-config,2026-05-27T19:48:57.442Z,true,active_recent_activity_and_mrs,true,true,1,1,0,0,https://gitlab.ftscc.net/ProdDev/cardpointe/cardpointe-backend-config/funded-batch-search-service-config
921,customer-profile-create-service-config,ProdDev/cardpointe/cardpointe-backend-config/customer-profile-create-service-config,2026-05-27T19:38:55.284Z,true,active_recent_activity_and_mrs,true,true,1,1,0,0,https://gitlab.ftscc.net/ProdDev/cardpointe/cardpointe-backend-config/customer-profile-create-service-config
776,billing-plan-search-service-config,ProdDev/cardpointe/cardpointe-backend-config/billing-plan-search-service-config,2026-05-27T19:38:43.819Z,true,active_recent_activity_and_mrs,true,true,1,1,0,0,https://gitlab.ftscc.net/ProdDev/cardpointe/cardpointe-backend-config/billing-plan-search-service-config
1016,funding-deposit-events-service-config,ProdDev/cardpointe/cardpointe-backend-config/funding-deposit-events-service-config,2026-05-27T19:24:28.277Z,true,active_recent_activity_and_mrs,true,true,1,1,0,0,https://gitlab.ftscc.net/ProdDev/cardpointe/cardpointe-backend-config/funding-deposit-events-service-config
1082,webhook-publisher-service,ProdDev/apps/mic/webhook-publisher-service,2026-05-21T19:55:33.988Z,true,active_recent_activity_and_mrs,true,true,1,0,1,0,https://gitlab.ftscc.net/ProdDev/apps/mic/webhook-publisher-service
905,virtual-terminal-auth-capture-transaction-service-config,ProdDev/cardpointe/cardpointe-backend-config/virtual-terminal-auth-capture-transaction-service-config,2026-05-21T19:18:54.021Z,true,active_recent_activity_and_mrs,true,true,1,1,0,0,https://gitlab.ftscc.net/ProdDev/cardpointe/cardpointe-backend-config/virtual-terminal-auth-capture-transaction-service-config
954,funded-batch-details-service,ProdDev/cardpointe/cardpointe-backend/funded-batch-details-service,2026-05-20T19:13:45.290Z,true,active_recent_activity_and_mrs,true,true,1,1,0,0,https://gitlab.ftscc.net/ProdDev/cardpointe/cardpointe-backend/funded-batch-details-service
547,cardpointe-automation,ProdDev/cardpointe/cardpointe-automation,2026-05-20T13:57:23.354Z,true,active_recent_activity_and_mrs,true,true,1,0,1,0,https://gitlab.ftscc.net/ProdDev/cardpointe/cardpointe-automation
655,mts-aggregator-service-config,ProdDev/cardpointe/cardpointe-backend-config/mts-aggregator-service-config,2026-05-19T15:28:38.297Z,true,active_recent_activity_and_mrs,true,true,1,1,0,0,https://gitlab.ftscc.net/ProdDev/cardpointe/cardpointe-backend-config/mts-aggregator-service-config
580,email-receipt-event-service,ProdDev/cardpointe/cardpointe-backend/email-receipt-event-service,2026-05-18T14:10:18.874Z,true,active_recent_activity_and_mrs,true,true,1,1,0,0,https://gitlab.ftscc.net/ProdDev/cardpointe/cardpointe-backend/email-receipt-event-service
381,Docker Build,ProdDev/cicd-components/docker_build,2026-05-13T18:26:24.091Z,true,active_recent_activity_and_mrs,true,true,1,1,0,0,https://gitlab.ftscc.net/ProdDev/cicd-components/docker_build
1055,ticket-attachment-list-service,ProdDev/cardpointe/cardpointe-backend/ticket-attachment-list-service,2026-05-12T20:35:24.790Z,true,active_recent_activity_and_mrs,true,true,1,1,0,0,https://gitlab.ftscc.net/ProdDev/cardpointe/cardpointe-backend/ticket-attachment-list-service
474,mts-aggregator-service,ProdDev/cardpointe/cardpointe-backend/mts-aggregator-service,2026-05-12T19:04:11.067Z,true,active_recent_activity_and_mrs,true,true,1,1,0,0,https://gitlab.ftscc.net/ProdDev/cardpointe/cardpointe-backend/mts-aggregator-service
658,transaction-summary-preview-api-service-config,ProdDev/cardpointe/cardpointe-backend-config/transaction-summary-preview-api-service-config,2026-05-12T18:23:48.813Z,true,active_recent_activity_and_mrs,true,true,1,1,0,0,https://gitlab.ftscc.net/ProdDev/cardpointe/cardpointe-backend-config/transaction-summary-preview-api-service-config
674,billing-plan-search-service,ProdDev/cardpointe/cardpointe-backend/billing-plan-search-service,2026-05-12T17:34:27.559Z,true,active_recent_activity_and_mrs,true,true,1,1,0,0,https://gitlab.ftscc.net/ProdDev/cardpointe/cardpointe-backend/billing-plan-search-service
823,couchbase-search-sync-service-config,ProdDev/apps/microservices-config/couchbase-search-sync-service-config,2026-05-06T15:45:14.604Z,true,active_recent_activity_and_mrs,true,true,1,1,0,0,https://gitlab.ftscc.net/ProdDev/apps/microservices-config/couchbase-search-sync-service-config
1042,retrieval-search-api-service-config,ProdDev/cardpointe/cardpointe-backend-config/retrieval-search-api-service-config,2026-05-04T14:38:36.489Z,true,active_recent_activity_and_mrs,true,true,1,1,0,0,https://gitlab.ftscc.net/ProdDev/cardpointe/cardpointe-backend-config/retrieval-search-api-service-config
1025,card-updater-details-service-config,ProdDev/cardpointe/cardpointe-backend-config/card-updater-details-service-config,2026-04-24T17:22:24.895Z,true,active_recent_activity_and_mrs,true,true,1,1,0,0,https://gitlab.ftscc.net/ProdDev/cardpointe/cardpointe-backend-config/card-updater-details-service-config
1023,customer-profile-billing-plan-service-config,ProdDev/cardpointe/cardpointe-backend-config/customer-profile-billing-plan-service-config,2026-04-24T17:02:16.483Z,true,active_recent_activity_and_mrs,true,true,1,1,0,0,https://gitlab.ftscc.net/ProdDev/cardpointe/cardpointe-backend-config/customer-profile-billing-plan-service-config
472,micros.scripting,ProdDev/pineapple/micros/micros.scripting,2026-04-23T16:00:17.144Z,true,active_recent_activity_and_mrs,true,true,1,1,0,0,https://gitlab.ftscc.net/ProdDev/pineapple/micros/micros.scripting
478,gateway-batch-search-service,ProdDev/cardpointe/cardpointe-backend/gateway-batch-search-service,2026-04-20T18:22:57.340Z,true,active_recent_activity_and_mrs,true,true,1,1,0,0,https://gitlab.ftscc.net/ProdDev/cardpointe/cardpointe-backend/gateway-batch-search-service
576,microservice-security-spring-boot-starter,ProdDev/apps/mad-libs/microservice-security-spring-boot-starter,2026-04-16T13:58:50.334Z,true,active_recent_activity_and_mrs,true,true,1,1,0,0,https://gitlab.ftscc.net/ProdDev/apps/mad-libs/microservice-security-spring-boot-starter
933,microservice-live-spring-boot-starter,ProdDev/apps/mad-libs/microservice-live-spring-boot-starter,2026-04-16T12:59:43.127Z,true,active_recent_activity_and_mrs,true,true,1,1,0,0,https://gitlab.ftscc.net/ProdDev/apps/mad-libs/microservice-live-spring-boot-starter
988,gs-poc-umbrella-payment-service-config,ProdDev/cardpointe/cardpointe-backend-config/gs-poc-umbrella-payment-service-config,2026-04-14T19:57:14.230Z,true,active_recent_activity_and_mrs,true,true,1,1,0,0,https://gitlab.ftscc.net/ProdDev/cardpointe/cardpointe-backend-config/gs-poc-umbrella-payment-service-config
799,cardpointe-gitlab-ci-templates,ProdDev/cardpointe/cardpointe-project-templates/cardpointe-gitlab-ci-templates,2026-04-09T19:08:27.053Z,true,active_recent_activity_and_mrs,true,true,1,1,0,0,https://gitlab.ftscc.net/ProdDev/cardpointe/cardpointe-project-templates/cardpointe-gitlab-ci-templates
665,customer-notes-search-service,ProdDev/cardpointe/cardpointe-backend/stored-customer-notes-search-service,2026-04-07T19:22:03.719Z,true,active_recent_activity_and_mrs,true,true,1,1,0,0,https://gitlab.ftscc.net/ProdDev/cardpointe/cardpointe-backend/stored-customer-notes-search-service
388,ansible,ProdDev/docker/ansible,2026-03-26T15:48:12.002Z,true,active_recent_activity_and_mrs,true,true,1,1,0,0,https://gitlab.ftscc.net/ProdDev/docker/ansible
990,gs-poc-umbrella-user-service-config,ProdDev/cardpointe/cardpointe-backend-config/gs-poc-umbrella-user-service-config,2026-03-12T14:57:53.700Z,true,active_recent_activity_and_mrs,true,true,1,1,0,0,https://gitlab.ftscc.net/ProdDev/cardpointe/cardpointe-backend-config/gs-poc-umbrella-user-service-config
966,funding-deposit-transaction-search-service,ProdDev/cardpointe/cardpointe-backend/funding-deposit-transaction-search-service,2026-03-11T20:24:33.076Z,true,active_recent_activity_and_mrs,true,true,1,1,0,0,https://gitlab.ftscc.net/ProdDev/cardpointe/cardpointe-backend/funding-deposit-transaction-search-service
510,funding-deposit-search-service,ProdDev/cardpointe/cardpointe-backend/funding-deposit-search-service,2026-03-11T20:22:15.186Z,true,active_recent_activity_and_mrs,true,true,1,1,0,0,https://gitlab.ftscc.net/ProdDev/cardpointe/cardpointe-backend/funding-deposit-search-service
948,gateway-batch-details-service-config,ProdDev/cardpointe/cardpointe-backend-config/gateway-batch-details-service-config,2026-03-11T18:01:56.999Z,true,active_recent_activity_and_mrs,true,true,1,1,0,0,https://gitlab.ftscc.net/ProdDev/cardpointe/cardpointe-backend-config/gateway-batch-details-service-config
806,cardpointe-rabbitmq,ProdDev/cardpointe/cardpointe-backend/cardpointe-rabbitmq,2026-03-11T16:52:51.620Z,true,active_recent_activity_and_mrs,true,true,1,1,0,0,https://gitlab.ftscc.net/ProdDev/cardpointe/cardpointe-backend/cardpointe-rabbitmq
802,FedACH Directory Downloads,ProdDev/hackweek/fedach,2026-06-07T09:34:18.317Z,true,active_recent_activity_only,true,false,0,0,0,0,https://gitlab.ftscc.net/ProdDev/hackweek/fedach
1086,cardpointe-backend-helm,ProdDev/cardpointe/cardpointe-backend/cardpointe-backend-helm,2026-06-05T21:51:37.966Z,true,active_recent_activity_only,true,false,0,0,0,0,https://gitlab.ftscc.net/ProdDev/cardpointe/cardpointe-backend/cardpointe-backend-helm
920,oidc-client-provisioning-service-config,ProdDev/iam/microservices-config/oidc-client-provisioning-service-config,2026-06-04T21:13:02.757Z,true,active_recent_activity_only,true,false,0,0,0,0,https://gitlab.ftscc.net/ProdDev/iam/microservices-config/oidc-client-provisioning-service-config
1102,statements-list-service,ProdDev/cardpointe/cardpointe-backend/statements-list-service,2026-06-04T18:33:32.037Z,true,active_recent_activity_only,true,false,0,0,0,0,https://gitlab.ftscc.net/ProdDev/cardpointe/cardpointe-backend/statements-list-service
785,cardpointe-ui-config,ProdDev/cardpointe/cardpointe-ui-config,2026-06-04T17:53:22.947Z,true,active_recent_activity_only,true,false,0,0,0,0,https://gitlab.ftscc.net/ProdDev/cardpointe/cardpointe-ui-config
690,cc-initializr,ProdDev/cardpointe/cardpointe-backend/cc-initializr,2026-06-04T16:29:29.932Z,true,active_recent_activity_only,true,false,0,0,0,0,https://gitlab.ftscc.net/ProdDev/cardpointe/cardpointe-backend/cc-initializr
953,api-get-merchant-overview-config,ProdDev/copilot/copilot-backend-config/api-get-merchant-overview-config,2026-06-04T14:12:24.445Z,true,active_recent_activity_only,true,false,0,0,0,0,https://gitlab.ftscc.net/ProdDev/copilot/copilot-backend-config/api-get-merchant-overview-config
749,api-get-merchant-account-sub-header-info-config,ProdDev/copilot/copilot-backend-config/api-get-merchant-account-sub-header-info-config,2026-06-04T14:07:53.025Z,true,active_recent_activity_only,true,false,0,0,0,0,https://gitlab.ftscc.net/ProdDev/copilot/copilot-backend-config/api-get-merchant-account-sub-header-info-config
737,api-get-merchant-account-business-details-config,ProdDev/copilot/copilot-backend-config/api-get-merchant-account-business-details-config,2026-06-04T14:07:44.434Z,true,active_recent_activity_only,true,false,0,0,0,0,https://gitlab.ftscc.net/ProdDev/copilot/copilot-backend-config/api-get-merchant-account-business-details-config
656,api-create-merchant-application-config,ProdDev/copilot/copilot-backend-config/api-create-merchant-application-config,2026-06-04T14:07:12.892Z,true,active_recent_activity_only,true,false,0,0,0,0,https://gitlab.ftscc.net/ProdDev/copilot/copilot-backend-config/api-create-merchant-application-config
914,Rosettle Stone,ProdDev/gateway/gateway-qa/rosettle-stone,2026-06-03T20:43:26.665Z,true,active_recent_activity_only,true,false,0,0,0,0,https://gitlab.ftscc.net/ProdDev/gateway/gateway-qa/rosettle-stone
755,api-get-merchant-account-banking-and-processing-config,ProdDev/copilot/copilot-backend-config/api-get-merchant-account-banking-and-processing-config,2026-06-03T14:03:20.892Z,true,active_recent_activity_only,true,false,0,0,0,0,https://gitlab.ftscc.net/ProdDev/copilot/copilot-backend-config/api-get-merchant-account-banking-and-processing-config
773,api-save-merchant-account-banking-and-processing-config,ProdDev/copilot/copilot-backend-config/api-save-merchant-account-banking-and-processing-config,2026-06-03T14:02:51.153Z,true,active_recent_activity_only,true,false,0,0,0,0,https://gitlab.ftscc.net/ProdDev/copilot/copilot-backend-config/api-save-merchant-account-banking-and-processing-config
774,api-service-template-config,ProdDev/copilot/copilot-backend-config/api-service-template-config,2026-06-03T14:01:41.186Z,true,active_recent_activity_only,true,false,0,0,0,0,https://gitlab.ftscc.net/ProdDev/copilot/copilot-backend-config/api-service-template-config
950,api-export-service-template-config,ProdDev/copilot/copilot-backend-config/api-export-service-template-config,2026-06-03T13:51:19.372Z,true,active_recent_activity_only,true,false,0,0,0,0,https://gitlab.ftscc.net/ProdDev/copilot/copilot-backend-config/api-export-service-template-config
949,api-search-service-template-config,ProdDev/copilot/copilot-backend-config/api-search-service-template-config,2026-06-03T13:50:12.506Z,true,active_recent_activity_only,true,false,0,0,0,0,https://gitlab.ftscc.net/ProdDev/copilot/copilot-backend-config/api-search-service-template-config
654,funded-transaction-service-publisher-chase-paymentech-config,ProdDev/apps/mic/funded-transaction-service-publisher-chase-paymentech-config,2026-06-02T18:32:22.253Z,true,active_recent_activity_only,true,false,0,0,0,0,https://gitlab.ftscc.net/ProdDev/apps/mic/funded-transaction-service-publisher-chase-paymentech-config
1065,card-update-history-search-service-config,ProdDev/cardpointe/cardpointe-backend-config/card-update-history-search-service-config,2026-05-27T21:52:56.754Z,true,active_recent_activity_only,true,false,0,0,0,0,https://gitlab.ftscc.net/ProdDev/cardpointe/cardpointe-backend-config/card-update-history-search-service-config
1090,card-update-decline-search-service-config,ProdDev/cardpointe/cardpointe-backend-config/card-update-decline-search-service-config,2026-05-27T21:18:51.711Z,true,active_recent_activity_only,true,false,0,0,0,0,https://gitlab.ftscc.net/ProdDev/cardpointe/cardpointe-backend-config/card-update-decline-search-service-config
567,gateway-batch-search-service-config,ProdDev/cardpointe/cardpointe-backend-config/gateway-batch-search-service-config,2026-05-27T20:22:53.938Z,true,active_recent_activity_only,true,false,0,0,0,0,https://gitlab.ftscc.net/ProdDev/cardpointe/cardpointe-backend-config/gateway-batch-search-service-config
693,delete-transaction-saved-report-service-config,ProdDev/cardpointe/cardpointe-backend-config/delete-transaction-saved-report-service-config,2026-05-27T20:22:07.321Z,true,active_recent_activity_only,true,false,0,0,0,0,https://gitlab.ftscc.net/ProdDev/cardpointe/cardpointe-backend-config/delete-transaction-saved-report-service-config
952,gateway-batch-transaction-search-service-config,ProdDev/cardpointe/cardpointe-backend-config/gateway-batch-transaction-search-service-config,2026-05-27T20:19:38.607Z,true,active_recent_activity_only,true,false,0,0,0,0,https://gitlab.ftscc.net/ProdDev/cardpointe/cardpointe-backend-config/gateway-batch-transaction-search-service-config
830,transaction-search-service-config,ProdDev/cardpointe/cardpointe-backend-config/transaction-search-service-config,2026-05-27T20:12:30.158Z,true,active_recent_activity_only,true,false,0,0,0,0,https://gitlab.ftscc.net/ProdDev/cardpointe/cardpointe-backend-config/transaction-search-service-config
935,ticket-create-api-service-config,ProdDev/cardpointe/cardpointe-backend-config/ticket-create-api-service-config,2026-05-27T20:09:02.321Z,true,active_recent_activity_only,true,false,0,0,0,0,https://gitlab.ftscc.net/ProdDev/cardpointe/cardpointe-backend-config/ticket-create-api-service-config
945,ticket-attachment-api-service-config,ProdDev/cardpointe/cardpointe-backend-config/ticket-attachment-api-service-config,2026-05-27T20:07:05.212Z,true,active_recent_activity_only,true,false,0,0,0,0,https://gitlab.ftscc.net/ProdDev/cardpointe/cardpointe-backend-config/ticket-attachment-api-service-config
698,saved-transactions-reports-service-config,ProdDev/cardpointe/cardpointe-backend-config/saved-transactions-reports-service-config,2026-05-27T20:04:20.881Z,true,active_recent_activity_only,true,false,0,0,0,0,https://gitlab.ftscc.net/ProdDev/cardpointe/cardpointe-backend-config/saved-transactions-reports-service-config
955,my-business-merchant-detail-api-service-config,ProdDev/cardpointe/cardpointe-backend-config/my-business-merchant-detail-api-service-config,2026-05-27T20:02:07.903Z,true,active_recent_activity_only,true,false,0,0,0,0,https://gitlab.ftscc.net/ProdDev/cardpointe/cardpointe-backend-config/my-business-merchant-detail-api-service-config
687,get-saved-reports-service-config,ProdDev/cardpointe/cardpointe-backend-config/get-saved-reports-service-config,2026-05-27T19:54:54.855Z,true,active_recent_activity_only,true,false,0,0,0,0,https://gitlab.ftscc.net/ProdDev/cardpointe/cardpointe-backend-config/get-saved-reports-service-config
943,funding-deposit-search-service-config,ProdDev/cardpointe/cardpointe-backend-config/funding-deposit-search-service-config,2026-05-27T19:52:26.746Z,true,active_recent_activity_only,true,false,0,0,0,0,https://gitlab.ftscc.net/ProdDev/cardpointe/cardpointe-backend-config/funding-deposit-search-service-config
972,funding-deposit-details-service-config,ProdDev/cardpointe/cardpointe-backend-config/funding-deposit-details-service-config,2026-05-27T19:50:11.837Z,true,active_recent_activity_only,true,false,0,0,0,0,https://gitlab.ftscc.net/ProdDev/cardpointe/cardpointe-backend-config/funding-deposit-details-service-config
1043,funded-batch-preview-api-service-config,ProdDev/cardpointe/cardpointe-backend-config/funded-batch-preview-api-service-config,2026-05-27T19:43:38.178Z,true,active_recent_activity_only,true,false,0,0,0,0,https://gitlab.ftscc.net/ProdDev/cardpointe/cardpointe-backend-config/funded-batch-preview-api-service-config
961,funded-batch-details-service-config,ProdDev/cardpointe/cardpointe-backend-config/funded-batch-details-service-config,2026-05-27T19:42:28.619Z,true,active_recent_activity_only,true,false,0,0,0,0,https://gitlab.ftscc.net/ProdDev/cardpointe/cardpointe-backend-config/funded-batch-details-service-config
1091,virtual-terminal-capture-transaction-service-config,ProdDev/cardpointe/cardpointe-backend-config/virtual-terminal-capture-transaction-service-config,2026-05-27T17:26:49.679Z,true,active_recent_activity_only,true,false,0,0,0,0,https://gitlab.ftscc.net/ProdDev/cardpointe/cardpointe-backend-config/virtual-terminal-capture-transaction-service-config
922,customer-profile-create-api-service-config,ProdDev/cardpointe/cardpointe-backend-config/customer-profile-create-api-service-config,2026-05-27T15:56:19.435Z,true,active_recent_activity_only,true,false,0,0,0,0,https://gitlab.ftscc.net/ProdDev/cardpointe/cardpointe-backend-config/customer-profile-create-api-service-config
440,transaction-search-service,ProdDev/cardpointe/cardpointe-backend/transaction-search-service,2026-05-21T18:16:52.614Z,true,active_recent_activity_only,true,false,0,0,0,0,https://gitlab.ftscc.net/ProdDev/cardpointe/cardpointe-backend/transaction-search-service
1075,digital-app-ui-config,ProdDev/copilot/cipilot-ui/digital-app-ui-config,2026-05-18T20:43:17.210Z,true,active_recent_activity_only,true,false,0,0,0,0,https://gitlab.ftscc.net/ProdDev/copilot/cipilot-ui/digital-app-ui-config
1076,versions,ProdDev/gateway/gateway-qa/versions,2026-05-18T17:41:09.834Z,true,active_recent_activity_only,true,false,0,0,0,0,https://gitlab.ftscc.net/ProdDev/gateway/gateway-qa/versions
1051,vault-ansible,ProdDev/docker/vault-ansible,2026-05-15T21:47:24.311Z,true,active_recent_activity_only,true,false,0,0,0,0,https://gitlab.ftscc.net/ProdDev/docker/vault-ansible
997,funded-batch-transaction-search-service-config,ProdDev/cardpointe/cardpointe-backend-config/funded-batch-transaction-search-service-config,2026-05-14T13:13:36.568Z,true,active_recent_activity_only,true,false,0,0,0,0,https://gitlab.ftscc.net/ProdDev/cardpointe/cardpointe-backend-config/funded-batch-transaction-search-service-config
517,pci-compliance-service-config,ProdDev/apps/microservices-config/pci-compliance-service-config,2026-05-13T20:38:33.564Z,true,active_recent_activity_only,true,false,0,0,0,0,https://gitlab.ftscc.net/ProdDev/apps/microservices-config/pci-compliance-service-config
1064,cardpointe-backend-gateway-api,ProdDev/cardpointe/cardpointe-backend/cardpointe-backend-gateway-api,2026-05-12T18:35:21.076Z,true,active_recent_activity_only,true,false,0,0,0,0,https://gitlab.ftscc.net/ProdDev/cardpointe/cardpointe-backend/cardpointe-backend-gateway-api
1039,bins-ui,ProdDev/gateway/bins-ui,2026-05-11T18:13:08.560Z,true,active_recent_activity_only,true,false,0,0,0,0,https://gitlab.ftscc.net/ProdDev/gateway/bins-ui
366,micros.common,ProdDev/pineapple/micros/micros.common,2026-05-11T15:08:23.000Z,true,active_recent_activity_only,true,false,0,0,0,0,https://gitlab.ftscc.net/ProdDev/pineapple/micros/micros.common
577,starman-micros,ProdDev/pineapple/micros/starman-micros,2026-05-07T17:19:43.541Z,true,active_recent_activity_only,true,false,0,0,0,0,https://gitlab.ftscc.net/ProdDev/pineapple/micros/starman-micros
601,merchant-platform-service-config,ProdDev/apps/microservices-config/merchant-platform-service-config,2026-05-06T17:52:59.942Z,true,active_recent_activity_only,true,false,0,0,0,0,https://gitlab.ftscc.net/ProdDev/apps/microservices-config/merchant-platform-service-config
579,merchant-platform-service,ProdDev/apps/mic/merchant-platform-service,2026-05-06T17:50:04.398Z,true,active_recent_activity_only,true,false,0,0,0,0,https://gitlab.ftscc.net/ProdDev/apps/mic/merchant-platform-service
600,merchant-contact-service-config,ProdDev/apps/microservices-config/merchant-contact-service-config,2026-05-06T17:49:38.635Z,true,active_recent_activity_only,true,false,0,0,0,0,https://gitlab.ftscc.net/ProdDev/apps/microservices-config/merchant-contact-service-config
852,fee-definition-service,ProdDev/apps/mic/fee-definition-service,2026-05-06T17:29:33.885Z,true,active_recent_activity_only,true,false,0,0,0,0,https://gitlab.ftscc.net/ProdDev/apps/mic/fee-definition-service
1036,proxy-gateway-service-client,ProdDev/apps/mic/proxy-gateway-service-client,2026-04-23T20:14:35.778Z,true,active_recent_activity_only,true,false,0,0,0,0,https://gitlab.ftscc.net/ProdDev/apps/mic/proxy-gateway-service-client
1010,oidcclientprovsvc-performance-test,ProdDev/iam/oidcclientprovsvc-performance-test,2026-04-21T21:07:18.012Z,true,active_recent_activity_only,true,false,0,0,0,0,https://gitlab.ftscc.net/ProdDev/iam/oidcclientprovsvc-performance-test
561,ivr-service-config,ProdDev/apps/microservices-config/ivr-service-config,2026-04-20T16:28:18.142Z,true,active_recent_activity_only,true,false,0,0,0,0,https://gitlab.ftscc.net/ProdDev/apps/microservices-config/ivr-service-config
572,copilot-ui,ProdDev/copilot/cipilot-ui/copilot-ui,2026-04-15T00:00:19.044Z,true,active_recent_activity_only,true,false,0,0,0,0,https://gitlab.ftscc.net/ProdDev/copilot/cipilot-ui/copilot-ui
619,virtual-terminal-receipt-print-service,ProdDev/cardpointe/cardpointe-backend/virtual-terminal-receipt-print-service,2026-04-14T16:27:40.046Z,true,active_recent_activity_only,true,false,0,0,0,0,https://gitlab.ftscc.net/ProdDev/cardpointe/cardpointe-backend/virtual-terminal-receipt-print-service
480,use-base-template-2,ProdDev/cardpointe/cardpointe-backend/use-base-template-2,2026-04-14T16:27:38.552Z,true,active_recent_activity_only,true,false,0,0,0,0,https://gitlab.ftscc.net/ProdDev/cardpointe/cardpointe-backend/use-base-template-2
1011,diligence-message-consumer-service,ProdDev/apps/mic/diligence-message-consumer-service,2026-04-06T21:41:31.358Z,true,active_recent_activity_only,true,false,0,0,0,0,https://gitlab.ftscc.net/ProdDev/apps/mic/diligence-message-consumer-service
780,Funded Transaction Service Publisher Tsys Config,ProdDev/apps/mic/funded-transaction-service-publisher-tsys-config,2026-03-25T19:25:27.275Z,true,active_recent_activity_only,true,false,0,0,0,0,https://gitlab.ftscc.net/ProdDev/apps/mic/funded-transaction-service-publisher-tsys-config
974,funding-deposit-preview-api-service-config,ProdDev/cardpointe/cardpointe-backend-config/funding-deposit-preview-api-service-config,2026-03-19T13:46:05.232Z,true,active_recent_activity_only,true,false,0,0,0,0,https://gitlab.ftscc.net/ProdDev/cardpointe/cardpointe-backend-config/funding-deposit-preview-api-service-config
965,ticket-comment-create-api-service-config,ProdDev/cardpointe/cardpointe-backend-config/ticket-comment-create-api-service-config,2026-03-17T18:50:06.498Z,true,active_recent_activity_only,true,false,0,0,0,0,https://gitlab.ftscc.net/ProdDev/cardpointe/cardpointe-backend-config/ticket-comment-create-api-service-config
973,funding-deposit-transaction-search-service-config,ProdDev/cardpointe/cardpointe-backend-config/funding-deposit-transaction-search-service-config,2026-03-11T20:29:16.395Z,true,active_recent_activity_only,true,false,0,0,0,0,https://gitlab.ftscc.net/ProdDev/cardpointe/cardpointe-backend-config/funding-deposit-transaction-search-service-config
890,merchant-search-service-config,ProdDev/apps/microservices-config/merchant-search-service-config,2026-03-11T18:13:47.821Z,true,active_recent_activity_only,true,false,0,0,0,0,https://gitlab.ftscc.net/ProdDev/apps/microservices-config/merchant-search-service-config
888,merchant-search-service,ProdDev/apps/mic/merchant-search-service,2026-03-11T18:12:07.525Z,true,active_recent_activity_only,true,false,0,0,0,0,https://gitlab.ftscc.net/ProdDev/apps/mic/merchant-search-service
843,cc-apps-full-text-search,ProdDev/apps/mad-libs/cc-apps-full-text-search,2026-03-11T18:03:33.513Z,true,active_recent_activity_only,true,false,0,0,0,0,https://gitlab.ftscc.net/ProdDev/apps/mad-libs/cc-apps-full-text-search
730,notification-dispatch-service,ProdDev/apps/mic/notification-dispatch-service,2026-03-09T14:27:28.133Z,true,active_recent_activity_only,true,false,0,0,0,0,https://gitlab.ftscc.net/ProdDev/apps/mic/notification-dispatch-service